[{"@type":"connection","id":"@1","name":"ServiceNowTable","runtimeEnvironmentId":"@8ejGhT7U5ZnhvYusbPp76c","instanceName":"REST V2","instanceDisplayName":"REST V2","type":"TOOLKIT","port":0,"majorUpdateTime":"2021-06-15T17:18:02.000Z","timeout":60,"connParams":{"agentId":"0102OB0800000000000A","agentGroupId":"0102OB25000000000004","Proxy Type":"Platform Proxy","Auth Password":"********","orgId":"0102OB","mode":"UPDATE","Auth User ID":"admin","Swagger File Path":"C:\\Informatica\\Swagger\\ServiceNow.json","Client Authentication":"Send Client Credentials In Body","OAuth Refresh URL":"[POD-URL]/api/v2/connection/refreshOAuthAccessToken/0102OB/ServiceNowTable","Proxy Configuration":"<host>:<port>","Authentication Type":"BASIC","connectionTypes":"com.infa.adapter.genericrest.connection.GenericRestConnectInfo"},"internal":false,"federatedId":"jOivuvrL1evgsvZ2N3CcC5","retryNetworkError":false}]