[{"@type":"mtTask","id":"@1","name":"mct_ServiceNow_Oracle_Table_API_Template","description":"","runtimeEnvironmentId":"@8ejGhT7U5ZnhvYusbPp76c","maxLogs":10,"verbose":false,"lastRunTime":1624860426000,"mappingId":"@haFC8cZAzGFbwd0jEu122o","shortDescription":"","sessionPropertiesList":[],"enableCrossSchemaPushdown":true,"enableParallelRun":false,"autoTunedApplied":false,"autoTunedAppliedType":"NONE","paramFileType":"PARAM_FILE_LOCAL","schemaMode":"async","parameterFileEncoding":"UTF-8","serverlessProperties":{},"taskProperties":[{"@type":"taskProperty","name":"parameterFileDir","currentValue":"","type":"STRING","label":"label.parameterFileDir","required":false},{"@type":"taskProperty","name":"parameterFileName","currentValue":"","type":"STRING","label":"label.parameterFileName","required":false}],"parameters":[{"@type":"mtTaskParameter","id":314045776,"name":"$src_ServeNow_Table$","type":"H_SOURCE","label":"src_ServeNow_Table","uiProperties":{"connectionParameterized":"false","isMsrcFilterParameterized":"false","objectParameterized":"false","visible":"false"},"sourceConnectionId":"@jOivuvrL1evgsvZ2N3CcC5","sourceObject":"getTableData","newFlatFile":false,"newObject":false,"showBusinessNames":false,"naturalOrder":true,"truncateTarget":false,"bulkApiDBTarget":false,"customFuncCfg":{"@type":"customFuncConfig","id":-1,"connections":[],"inputMap":[],"outputFields":[]},"tgtFieldRefs":{},"targetUpdateColumns":[],"runtimeAttrs":{},"isRESTModernSource":true,"requestXml":"{\n  \"TableName\" : \"$$SNow_Table_Name\",  \n  \"sysparm_query\" : \"$$SNow_sysparm_query\",\n  \"sysparm_exclude_reference_link\" : \"$$SNow_sysparm_exclude_reference_link\",\n  \"sysparm_suppress_pagination_header\" : \"$$SNow_sysparm_suppress_pagination_header\",\n  \"sysparm_fields\" : \"$$SNow_sysparm_fields\",\n  \"sysparm_limit\" : \"$$SNow_sysparm_limit\",\n  \"sysparm_view\" : \"$$SNow_sysparm_view\",\n  \"sysparm_query_category\" : \"$$SNow_sysparm_query_category\",\n  \"sysparm_query_no_domain\" : \"$$SNow_sysparm_query_no_domain\",\n  \"sysparm_no_count\" : \"$$SNow_sysparm_no_count\"\n}","isFileList":false,"handleSpecialChars":false,"frsAsset":false,"dynamicFileName":false,"currentlyProcessedFileName":false,"objectName":"getTableData","tgtObjectAttributes":{},"runtimeParameterData":{"@type":"mtTaskRuntimeParameterData","isConnectionRuntimeParameter":false,"isObjectRuntimeParameter":false},"overriddenFields":[]},{"@type":"mtTaskParameter","id":314045779,"name":"$tgt_Oracle_Table$","type":"TARGET","label":"tgt_Oracle_Table","uiProperties":{"connectionParameterized":"false","objlabel":"Table","objectParameterized":"true","objDesc":"","defaultTargetUpdateColumns":"","supportApplyDDLChanges":"true"},"targetConnectionId":"@4Xu2bUpTwFId069nqOOdQ6","targetObject":"INCIDENT","targetObjectLabel":"INCIDENT","newFlatFile":false,"newObject":false,"showBusinessNames":true,"naturalOrder":true,"truncateTarget":false,"bulkApiDBTarget":false,"operationType":"Insert","customFuncCfg":{"@type":"customFuncConfig","id":-1,"connections":[],"inputMap":[],"outputFields":[]},"tgtFieldRefs":{},"targetUpdateColumns":[],"extendedObject":{"@type":"extendedObject","filters":[],"sortFields":[]},"runtimeAttrs":{},"isRESTModernSource":true,"isFileList":false,"handleSpecialChars":false,"frsAsset":false,"dynamicFileName":false,"currentlyProcessedFileName":false,"objectName":"INCIDENT","objectLabel":"INCIDENT","tgtObjectAttributes":{},"runtimeParameterData":{"@type":"mtTaskRuntimeParameterData","isConnectionRuntimeParameter":false,"isObjectRuntimeParameter":true,"objectParameterName":"Table","objectDefaultValue":"INCIDENT"},"overriddenFields":[]}],"sequences":[],"inOutParameters":[{"@type":"mtTaskInOutParameter","id":"-1","name":"SNow_Table_Name","description":"","initialValue":"","datatype":"STRING","precision":"255","scale":"0","retentionPolicy":"ON_SUCCESS_OR_WARNING","aggregationType":"MAX","currentValue":"incident"},{"@type":"mtTaskInOutParameter","id":"-1","name":"SNow_sysparm_query","description":"","initialValue":"","datatype":"STRING","precision":"255","scale":"0","retentionPolicy":"ON_SUCCESS_OR_WARNING","aggregationType":"MAX","currentValue":""},{"@type":"mtTaskInOutParameter","id":"-1","name":"SNow_sysparm_exclude_reference_link","description":"","initialValue":"","datatype":"STRING","precision":"255","scale":"0","retentionPolicy":"ON_SUCCESS_OR_WARNING","aggregationType":"MAX","currentValue":""},{"@type":"mtTaskInOutParameter","id":"-1","name":"SNow_sysparm_suppress_pagination_header","description":"","initialValue":"","datatype":"STRING","precision":"255","scale":"0","retentionPolicy":"ON_SUCCESS_OR_WARNING","aggregationType":"MAX","currentValue":""},{"@type":"mtTaskInOutParameter","id":"-1","name":"SNow_sysparm_fields","description":"","initialValue":"","datatype":"STRING","precision":"255","scale":"0","retentionPolicy":"ON_SUCCESS_OR_WARNING","aggregationType":"MAX","currentValue":""},{"@type":"mtTaskInOutParameter","id":"-1","name":"SNow_sysparm_limit","description":"","initialValue":"","datatype":"STRING","precision":"255","scale":"0","retentionPolicy":"ON_SUCCESS_OR_WARNING","aggregationType":"MAX","currentValue":""},{"@type":"mtTaskInOutParameter","id":"-1","name":"SNow_sysparm_view","description":"","initialValue":"","datatype":"STRING","precision":"255","scale":"0","retentionPolicy":"ON_SUCCESS_OR_WARNING","aggregationType":"MAX","currentValue":""},{"@type":"mtTaskInOutParameter","id":"-1","name":"SNow_sysparm_query_category","description":"","initialValue":"","datatype":"STRING","precision":"255","scale":"0","retentionPolicy":"ON_SUCCESS_OR_WARNING","aggregationType":"MAX","currentValue":""},{"@type":"mtTaskInOutParameter","id":"-1","name":"SNow_sysparm_query_no_domain","description":"","initialValue":"","datatype":"STRING","precision":"255","scale":"0","retentionPolicy":"ON_SUCCESS_OR_WARNING","aggregationType":"MAX","currentValue":""},{"@type":"mtTaskInOutParameter","id":"-1","name":"SNow_sysparm_no_count","description":"","initialValue":"","datatype":"STRING","precision":"255","scale":"0","retentionPolicy":"ON_SUCCESS_OR_WARNING","aggregationType":"MAX","currentValue":""}],"connRuntimeAttrs":[]}]