[{"@type":"connection","id":"@1","name":"Oracle_DB_XE","runtimeEnvironmentId":"@8ejGhT7U5ZnhvYusbPp76c","instanceDisplayName":"Oracle","host":"localhost","database":"xe","codepage":"MS1252","adjustedJdbcHostName":"localhost","type":"Oracle","port":1521,"password":"********","username":"c##user1","majorUpdateTime":"2020-10-07T10:53:07.000Z","timeout":60,"connParams":{"agentId":"0102OB0800000000000A","CryptoProtocolVersion":"TLSv1","agentGroupId":"0102OB25000000000004","encryptionMethod":"NoEncryption","orgId":"0102OB","ValidateServerCertificate":"False"},"internal":false,"federatedId":"4Xu2bUpTwFId069nqOOdQ6","retryNetworkError":false}]