[{"@type":"mappingTemplate","id":"@1","name":"ServiceNow_Oracle_Table_API","description":"","bundleVersion":"0","templateId":"@3","deployTime":1626201625000,"hasParameters":true,"valid":true,"fixedConnection":true,"hasParametersDeployed":true,"fixedConnectionDeployed":true,"tasks":11,"mappingPreviewFileRecordId":"@2","documentType":"MAPPING","references":[{"@type":"reference","refObjectId":"@jOivuvrL1evgsvZ2N3CcC5","refType":"connection"},{"@type":"reference","refObjectId":"@4Xu2bUpTwFId069nqOOdQ6","refType":"connection"}]}]